WPID;Beschreibung;Koordinaten;Hoehe;Img_FotoGross;Kategorie;Website
PETERSBERG_START;Petersberg Startplatz (W, SW-WSW);N50° 05' 40.61" E007° 08' 30.46";260;;HGPGSTA;http://www.thermik4u.de
PETERSBERG_LANDUNG;Petersberg Landeplatz;N50° 05' 46.00" E007° 08' 09.78";90;;HGPGLAN;http://www.thermik4u.de
HEPPENHEIM_UL;Heppenheim UL-Schlepp;N49° 37' 15.08" E008° 36' 47.12";95;;UL;
BUERSTADT_UL;Bürstadt UL-Schlepp;N49° 39' 20.8" E008° 28' 28.4";88;Buerstadt_UL.jpg;UL;http://www.igulb.de
GANGELSBERG_START;Gangelsberg Startplatz (O);N49° 47' 32.80" E007° 44' 26.07";300;;HGPGSTA;http://www.pfaelzergleitschirmclub.info
GANGELSBERG_LAND;Gangelsberg Landeplatz;N49° 47' 33.25" E007° 44' 39.13";130;;HGPGLAN;http://www.pfaelzergleitschirmclub.info
DUCHROTH_START;Duchroth Startplatz (N);N49° 46' 33.99" E007° 43' 21.11";209;;HGPGSTA;http://www.pfaelzergleitschirmclub.info
DUCHROTH_LAND;Duchroth Landeplatz;N49° 46' 45.37" E007° 43' 00.41";130;;HGPGLAN;http://www.pfaelzergleitschirmclub.info
UERZIG_ERDEN_LAND;Ürzig-Erden Landeplatz;N49° 58' 45.86" E007° 01' 42.88";105;;HGPGLAN;http://www.moselfalken.de
OFFENBACH_HUNDHEIM_START;Offenbach-Hundheim Start (S);N49° 37' 28.19" E007° 31' 59.43";310;;HGPGSTA;
HALDE_ENSDORF_START;Halde Ensorf Start (S);N49° 19' 2.97" E006° 47' 1.76";310;;HGPGSTA;
HALDE_ENSDORF_LAND;Halde Ensdorf Landeplatz;N49° 18' 51.91" E006° 47' 12.07";195;;HGPGLAN;
OCKFEN_LAND;Ockfen Landeplatz;N49° 37' 4.13" E006° 35' 48.32";195;OckfenLand01.jpg;HGPGLAN;http://www.dfc-saar.de
URPHAR_START_NO;Urphar Startplatz (NO);N49° 45' 10.42" E009° 32' 57.59";266;;HGPGSTA;http://www.gleitschirmfreunde-taubertal.de
URPHAR_START_NW;Urphar Startplatz (NW);N49° 44' 36.21" E009° 34' 13.85";270;;HGPGSTA;http://www.gleitschirmfreunde-taubertal.de
URPHAR_LAND_NW;Urphar Landeplatz (NW);N49° 44' 44.11" E009° 34' 06.95";140;;HGPGLAN;http://www.gleitschirmfreunde-taubertal.de
URPHAR_LAND_NO;Urphar Landeplatz (NO);N49° 45' 27.04" E009° 33' 02.68";140;;HGPGLAN;http://www.gleitschirmfreunde-taubertal.de
MOSBACH_LAND;Mosbach (Finkenhof) Landeplatz;N49° 19' 44.79" E009° 6' 18.00";140;;HGPGLAN;
SCHODEN_START;Schoden Startplatz (S-W);N49° 38' 24.03" E006° 35' 37.01";260;;HGPGSTA;http://www.moselfalken.de
MONTABAUR_SEGELFLUG;Montebaur Segelflugplatz;N50° 25' 15.86" E007° 49' 27.64";275;;SFP;
MEHRING_LAND;Mehring Landeplatz;N49° 47' 31.30" E006° 50' 22.68";124;;HGPGLAN;http://www.dfc-trier.com
LAUTERBACH_UL;Lauterbach UL-Schlepp;N50° 41' 0.07" E009° 24' 36.94";360;;UL;
HALDE_NORDDEUTSCHLAND_SCHLEPP_GARTENSTR;Halde Norddeutschland Schlepp;N51° 27' 31.65" E006° 33' 46.55";27;;HGPGSTA;http://www.gleitzeit-ev.de/
HALDE_NORDDEUTSCHLAND_START;Halde Norddeutschland Start (S-SW);N51° 28' 8.86" E006° 33' 57.61";92;Halde_Norddeutschland.jpg;HGPGSTA;http://www.fliegerfreunde-niederrhein.de
DONNERSBERG_MOLTKEFELSEN_START;Donnersberg Moltkefelsen (SO);N49° 37' 14.00" E007° 56' 29.00";540;;HGPGSTA;http://www.pdgfc.de
HOLZHEIM_SCHLEPP;Vockrather Acker (Holzheim) Schlepp (SW/NO);N51° 8' 36.06" E006° 37' 46.10";65;vockrather_acker.jpg;HGPGSTA;http://www.skyteam-neuss.de
KOENIGSTUHL_LAND;Königstuhl Landeplatz;N49° 25' 13.88" E008° 44' 17.16";140;;HGPGLAN;http://www.kurpfaelzer-gleitschirmflieger.de
ROSENBERG_START;Rosenberg Startplatz (SW-SO);N50° 19' 04.0" E007° 27' 41.0";240;;HGPGSTA;http://www.thermik4u.de
DONNERSBERG_MOLTKEFELSEN_LAND;Donnersberg Moltkefelsen Landeplatz;N49° 37' 12.44" E007° 57' 03.76";360;;HGPGLAN;http://www.pdgfc.de
HALDE_NORDDEUTSCHLAND_LAND;Halde Norddeutschland Landeplatz;N51° 27' 59.67" E006° 33' 47.41";26;;HGPGLAN;http://www.fliegerfreunde-niederrhein.de
ROSENBERG_LAND;Rosenberg Landeplatz;N50° 18' 43.0" E007° 27' 44.0";70;;HGPGLAN;http://www.thermik4u.de
HOCHSTETTEN_START;Hochstetten-Dhaun/Strüther Wald (NNW-N-NNO);N49° 47' 34.12" E007° 30' 44.00";280;;HGPGSTA;http://www.gleitschirmverein-nahe-glan.de
HOCHSTETTEN_LAND;Hochstetten-Dhaun/Strüther Wald Landeplatz;N49° 47' 41.26" E007° 30' 38.47";175;;HGPGLAN;http://www.gleitschirmverein-nahe-glan.de
GRINGLAY_START;Gringlay Startplatz (SW);N49° 54' 56.08" E006° 05' 29.39";426;;HGPGSTA;http://www.cumulux.lu
GRINGLAY_LAND;Gringlay Landeplatz;N49° 54' 30.79" E006° 05' 07.53";230;;HGPGLAN;http://www.cumulux.lu
SAARBURG_START;Saarburg-Kreuzberg Start (SO);N49° 37' 14.17" E006° 33' 24.82";300;;HGPGSTA;
PFEFFELBACH_START;Pfeffelbach Start (SO);N49° 32' 58.2" E007° 18' 29.6";586;PfeffStart01.jpg;HGPGSTA;http://www.dfc-saar.de
PFEFFELBACH_LAND;Pfeffelbach Landeplatz;N49° 32' 37.3" E007° 19' 14.1";339;PfeffLand01.jpg;HGPGLAN;http://www.dfc-saar.de
SERRIG_START;Serrig Start (SW-W);N49° 34' 8.16" E006° 36' 55.74";356;SerrigStart01.jpg;HGPGSTA;http://www.dfc-trier.com
NEUMAGEN_START;Neumagen Start (NO-SO);N49° 52' 38.6" E006° 53' 15.2";385;Neumagen_Start01.jpg;HGPGSTA;http://www.dfc-trier.com
NEUMAGEN_LAND;Neumagen Landeplatz;N49° 52' 03.5" E006° 53' 49.2";118;Neumagen_Landeplatz01.jpg;HGPGLAN;http://www.dfc-trier.com
DONNERSBERG_LAND3;Donnersberg Landeplatz 3;N49° 37' 47.8" E007° 57' 49.3";;;HGPGLAN;http://www.pdgfc.de/
OCKFEN_START;Ockfen Start (SW);N49° 37' 27.23" E006° 35' 40.52";350;OckfenStart01.jpg;HGPGSTA;http://www.dfc-saar.de
DILLINGEN_SEGELFLUG;Dillingen Segelflugplatz;N49° 23' 12.0" E006° 44' 55.0";245;;SFP;http://lsc-dillingen.de/
HOPPSTAEDTENSEGELFLUG;Hoppstädten-Weiersbach Segelflugplatz;N49° 36' 39.2" E007° 11' 09.6";332;HoppstaedtenWeiersbach02.jpg;SFP;http://www.fsv-howei.de
KANFENORT;Kanfen Ort;N49° 26' 19.1" E006° 06' 14.8";;;HGPGLAN;NULL
KELL_SEGELFLUG;Kell Segelflugplatz;N49° 37' 17.9" E006° 50' 23.1";;;SFP;NULL
SCHAUMBERGTURM;Schaumberg Turm;N49° 29' 10.0" E007° 02' 00.0";;Schaumberg01.jpg;AND;NULL
BOSTALSEE;Bostalsee;N49° 33' 54.54" E007° 04' 21.63";400;Bostalsee01.jpg;AND;
HEUSWEILERA8SENDEMASTEN;Heusweiler A8 Sendemasten;N49° 20' 58.0" E006° 56' 10.0";;HeusweilerA8Sendemasten01.jpg;AND;NULL
WUSTWEILER_SEGELFLUG;Wustweiler Segelflugplatz;N49° 24' 32.4" E007° 03' 10.3";;;SFP;NULL
SCHWARZENBACH_UL;Schwarzenbach Ultraleicht;N49° 35' 31.00" E007° 1' 53.00";;;UL;NULL
ZELTINGEN_RACHTIG_START;Zeltingen-Rachtig Start (O);N49° 57' 41.76" E006° 59' 36.06";260;ZeltingenRachtigStart01.jpg;HGPGSTA;http://www.moselfalken.de
DREISERWEIHER_START;Dreiser Weiher Startplatz (NW-NNO);N50° 15' 31.0" E006° 46' 52.0";545;Dreiserweiher01.jpg;HGPGSTA;http://www.ostwindfreunde.de
LASSERGKUEPPCHEN_START;Lasserg/Küppchen Startplatz (O-SO);N50° 13' 03.0" E007° 23' 06.0";260;Burgen_Lasserg_Start01.jpg;HGPGSTA;http://www.thermik4u.de
CALMONTHOCHKREUZBREMM_START;Bremm Startplatz (SSO-SSW);N50° 6' 24.51" E007° 6' 53.13";305;Bremmercalmontstart01.jpg;HGPGSTA;http://www.thermik4u.de
DONNERSBERG_LAND1;Donnersberg Landeplatz 1;N49° 38' 17.7" E007° 56' 11.7";;;HGPGLAN;http://www.pdgfc.de/
DONNERSBERG_LAND2;Donnersberg Landeplatz 2;N49° 38' 22.6" E007° 56' 56.6";320;;HGPGLAN;http://www.pdgfc.de/
SCHOENEBERG_SCHLEPP;Schöneberg Schlepp (O, W);N50° 39' 23.62" E007° 36' 02.19";280;;HGPGSTA;http://www.fun-gliders-westerwald.de
EICHEN_SCHLEPP;Eichen Schlepp (N, S);N50° 37' 53.00" E007° 31' 55.46";230;;HGPGSTA;http://www.fun-gliders-westerwald.de
GOLLERSHOBEN_SCHLEPP;Gollershoben Schlepp (O, W);N50° 38' 22.00" E007° 32' 03.00";260;;HGPGSTA;http://www.fun-gliders-westerwald.de
SCHNELLMANNSHAUSEN_SCHLEPP;Schnellmannshausen Schlepp (NO, SW);N51° 06' 56.62" E010° 13' 53.06";258;;HGPGSTA;
WANFRIED_AUE_START;Wanfried - Aue Startplatz (NW-N);N51° 10' 19.92" E010° 07' 48.45";345;;HGPGSTA;
WANFRIED_AUE_LANDUNG;Wanfried - Aue Landeplatz;N51° 10' 31.30" E010° 07' 08.59";180;;HGPGLAN;
KELLA_SCHLEPP;Kella Schleppgelände (NO, SW);N51° 14' 13.73" E010° 04' 40.58";500;;HGPGSTA;
KELLA_BERG_START;Kella - Berg Startplatz (O-SO);N51° 14' 35.50" E010° 04' 49.39";500;;HGPGSTA;
KELLA_BERG_LANDUNG;Kella - Berg Landeplatz;N51° 14' 13.06" E010° 04' 38.11";380;;HGPGLAN;
HARSBERG_LANDUNG;Harsberg Landeplatz;N51° 04' 18.17" E010° 22' 05.51";345;;HGPGLAN;
HAHNBERG_START;Hahnberg Startplatz (NNW);N51° 06' 14.08" E009° 03' 44.14";540;;HGPGSTA;http://www.afs-flugschule.de
HAHNBERG_LANDUNG;Hahnberg Landeplatz;N51° 06' 28.49" E009° 03' 44.45";340;;HGPGLAN;http://www.afs-flugschule.de
HOHER_MEISSNER_START;Hoher Meissner Uengsterode Startplatz (W);N51° 14' 44.30" E009° 50' 46.80";537;;HGPGSTA;
HOHER_MEISSNER_LANDUNG;Hoher Meissner Uengsterode Landeplatz;N51° 14' 55.90" E009° 50' 08.15";324;;HGPGLAN;
WENHOLTHAUSEN_START;Wenholthausen Startplatz (S-SW);N51° 18' 10.21" E008° 11' 23.02";571;;HGPGSTA;http://www.sauerlandair.de
WENHOLTHAUSEN_LAND;Wenholthausen Landeplatz;N51° 17' 33.55" E008° 10' 32.42";261;;HGPGLAN;http://www.sauerlandair.de
ABTSRODAER_KUPPE_START;Abtsrodaer Kuppe (N-NO);N50° 30' 0.32" E009° 56' 23.27";933;;HGPGSTA;http://www.rdg-ev.de
PFERDSKOPF_START;Pferdskopf Startplatz (NW);N50° 29' 27.08" E009° 55' 15.45";840;;HGPGSTA;http://www.rdg-ev.de
OFENTALER_BERG_START;Ofentaler Berg Startplatz (SO);N50° 07' 42.36" E009° 54' 59.52";312;;HGPGSTA;http://saaleflieger.de
OFENTALER_BERG_LAND;Ofentaler Berg Landeplatz;N50° 07' 31.71" E009° 55' 10.96";177;;HGPGLAN;http://saaleflieger.de
WASSERKUPPE_WESTHANG_START;Wasserkuppe Westhang;N50° 29' 44.59" E009° 56' 6.19";914;;HGPGSTA;http://www.rdg-ev.de
KREUZBERG_NO_START;Kreuzberg Startplatz (N-NO);N50° 22' 34.05" E009° 59' 03.94";750;;HGPGSTA;http://www.kreuzbergflieger.de
KREUZBERG_LANDEPLATZ;Kreuzberg Landeplatz;N50° 23' 07.05" E009° 59' 36.84";550;;HGPGLAN;http://www.kreuzbergflieger.de
KREUZBERG_SO_START;Kreuzberg Startplatz (SO);N50° 21' 52.71" E009° 58' 51.92";882;;HGPGSTA;http://www.kreuzbergflieger.de
KREUZBERG_SO_LANDEPLATZ;Kreuzberg Landeplatz (SO);N50° 21' 29.00" E009° 59' 17.00";639;;HGPGLAN;http://www.kreuzbergflieger.de
OBERHEOVELS_SCHLEPP;Oberhövels Schlepp (N/S);N50° 47' 42.00" E007° 47' 06.00";220;;HGPGSTA;http://www.paragliding-westerwald.de
ASSLAR_SEGELFLUG;Asslar Segelfluggelände (S/N);N50° 35' 57.00" E008° 26' 41.00";290;;SFP;http://www.asslarergleitschirmflieger.de
BRUCHHAUSER_STEINE_SUED_START;Bruchhauser Steine Startplatz (S);N51° 19' 5.40" E008° 32' 41.86";635;;HGPGSTA;http://www.sauerlandair.de
BRUCHHAUSER_STEINE_SW_START;Bruchhauser Steine Startplatz (S-W);N51° 18' 57.92" E008° 32' 53.29";715;;HGPGSTA;http://www.sauerlandair.de
WERSHOFEN_UL;Wershofen EDRV;N50° 27' 6.73" E006° 47' 12.80";482;;UL;http://www.sfg-wershofen.de
HARSBERG_START;Harsberg Startplatz (SW);N51° 04' 28.07" E010° 22' 21.42";465;;HGPGSTA;
ALTENA_HEGENSCHEID_SCHLEPP;Altena-Hegenscheid Schleppstrecke (NO-SW);N51° 18' 44.30" E007° 42' 8.03";473;;HGPGSTA;http://www.air-hegenscheid.de
BRUCHHAUSER_STEINE_LAND;Bruchhauser Steine Landeplatz;N51° 18' 36.34" E008° 32' 18.14";495;;HGPGSTA;http://www.sauerlandair.de
EISENBERG_START;Eisenberg / Battenberg Startplatz (W);N51° 0' 57.05" E008° 37' 11.59";450;;HGPGSTA;https://www.dgc-battenberg.de
EISENBERG_LAND;Eisenberg / Battenberg Landeplatz;N51° 01' 03.75" E008° 36' 31.73";300;;HGPGLAN;https://www.dgc-battenberg.de
EISENBERG_WINDE;Eisenberg Windenschlepp;N51° 01' 04.34" E008° 36' 28.64";300;;HGPGSTA;https://www.dgc-battenberg.de
BAUSENBERG_START;Bausenberg Startplatz (SO-S);N50° 27' 53.23" E007° 13' 20.74";317;;HGPGSTA;http://www.thermik4u.de
BAUSENBERG_LAND;Bausenberg Landeplatz;N50° 27' 42.46" E007° 13' 08.73";236;;HGPGLAN;http://www.thermik4u.de
WILLINGEN_START;Willingen-Ettelsberg Startplatz (N);N51° 16' 55.26" E008° 35' 57.79";794;;HGPGSTA;http://www.sauerlandair.de
WILLINGEN_LAND;Willingen-Ettelsberg Landeplatz;N51° 17' 28.72" E008° 36' 00.07";594;;HGPGLAN;http://www.sauerlandair.de
REICHENHAUSEN_START;Reichenhausen Start (S);N50° 35' 19.17" E010° 07' 36.63";550;;HGPGSTA;http://www.rdg-ev.de
REICHENHAUSEN_LAND;Reichenhausen Landeplatz;N50° 35' 11.13" E010° 07' 35.47";510;;HGPGLAN;http://www.rdg-ev.de
MARING_NOVIAND_START_SO;Maring-Noviand Start (SO);N49° 56' 37.86" E006° 59' 26.72";290;maring_start_so.jpg;HGPGSTA;http://www.dfc-trier.com
MARING_NOVIAND_LAND_SO;Maring-Noviand Landeplatz (SO);N49° 56' 16.63" E006° 59' 37.41";136;maring_land_so.jpg;HGPGLAN;http://www.dfc-trier.com
MARTINSTHAL_START;Martinsthal Startplatz (S);N50° 03' 15.83" E008° 08' 03.43";225;;HGPGSTA;
MARTINSTHAL_LAND_1;Martinsthal Landeplatz 1;N50° 03' 08.16" E008° 07' 54.65";155;;HGPGLAN;
MARTINSTHAL_LAND_2;Martinsthal Landeplatz 2;N50° 03' 04.61" E008° 07' 55.94";155;;HGPGLAN;
MARTINSTHAL_LAND_3;Martinsthal Landeplatz 3;N50° 03' 06.51" E008° 08' 02.18";155;;HGPGLAN;
KLUESSEARTH_LANDUNG2;Klüsserath Landeplatz Camping;N49° 50' 32.77" E006° 51' 19.93";115;Kluesserath_landung_Camping.jpg;HGPGLAN;http://www.dfc-trier.com
KAUTENBACH_START;Kautenbach Startplatz (NW);N49° 57' 06.92" E006° 01' 50.84";397;;HGPGSTA;http://cumulux.lu
KAUTENBACH_LAND;Kautenbach Landeplatz;N49° 57' 14.59" E006° 01' 41.96";264;;HGPGLAN;http://cumulux.lu
MICHAELAU_START;Michaelau Startplatz (NO);N49° 53' 59.58" E006° 4' 48.28";401;;HGPGSTA;http://cumulux.lu
MICHAELAU_LAND;Michaelau Landeplatz;N49° 53' 53.12" E006° 5' 16.75";214;;HGPGLAN;http://cumulux.lu
MICHAELAU_LAND2;Michaelau Notlandeplatz;N49° 53' 55.72" E006° 5' 8.74";214;;HGPGLAN;http://cumulux.lu
POHLHEIM_SCHLEPP;Pohlheim Segelflugplatz;N50° 31' 54.95" E008° 43' 44.68";233;;SFP;
NASSAUER_BERG_START;Nassauer Berg Startplatz (NW-N);N50° 18' 20.80" E007° 48' 13.34";268;;HGPGSTA;http://www.thermik4u.de
SCHAUFEL_SCHLEPP;Segelflugplatz Auf der Schaufel;N51° 05' 50.56" E009° 08' 57.38";310;;HGPGSTA;
ELPE_START;Elpe-Steinmarkskopf Startplatz (NO-OSO);N51° 16' 09.79" E008° 25' 55.46";670;;HGPGSTA;
ELPE_LAND;Elpe-Steinmarkskopf Landeplatz;N51° 16' 14.00" E008° 26' 18.00";500;;HGPGLAN;
WILLINGEN_SONNENHANG_START;Willingen Sonnenhang Startplatz (O);N51° 17' 31.00" E008° 34' 53.00";760;;HGPGSTA;https://www.sauerlandair.de
HOHE_GEBA_SW_START;Hohe Geba Startplatz (SW);N50° 34' 9.00" E010° 15' 18.00";560;;HGPGSTA;http://www.rdg-ev.de
HOHE_GEBA_LAND1;Hohe Geba Landeplatz 1;N50° 33' 56.17" E010° 14' 33.84";410;;HGPGLAN;http://www.rdg-ev.de
HOHE_GEBA_LAND2;Hohe Geba Landeplatz 2;N50° 34' 16.58" E010° 14' 37.24";410;;HGPGLAN;http://www.rdg-ev.de
HOHE_GEBA_LAND3;Hohe Geba Landeplatz 3;N50° 34' 9.00" E010° 15' 18.00";410;;HGPGLAN;http://www.rdg-ev.de
HOHENSOLMS_SCHLEPP;Hohensolms Schlepp;N50° 39' 17.17" E008° 31' 12.89";430;;HGPGSTA;http://gleitschirmflieger-asslar.npage.de
KANFEN_START;Kanfen Startplatz (O);N49° 26' 48.36" E006° 5' 58.74";420;;HGPGSTA;
NASSAUER_BERG_LAND;Nassauer Berg Landeplatz;N50° 18' 30.50" E007° 48' 14.00";98;;HGPGLAN;http://www.thermik4u.de
SPIELBERG_START;Spielberg Startplatz (O);N50° 39' 34.93" E010° 13' 25.50";531;;HGPGSTA;http://www.rdg-ev.de
SPIELBERG_LAND;Spielberg Landeplatz;N50° 39' 49.21" E010° 13' 28.44";455;;HGPGLAN;http://www.rdg-ev.de
SPIELBERG_LAND_A;Spielberg Ausweichlandeplatz;N50° 39' 50.31" E010° 13' 51.29";423;;HGPGLAN;http://www.rdg-ev.de
ROSENBERG_NOT_LAND;Rosenberg Notlandeplatz;N50° 18' 52.0" E007° 27' 58.0";70;;HGPGLAN;http://www.thermik4u.de
BURGEN_LAND;Burgen Landeplatz;N49° 52' 55.25" E007° 00' 45.38";186;;HGPGLAN;http://www.moselfalken.de
MEHRING_START;Mehring Start (N);N49° 46' 52.43" E006° 50' 15.29";356;;HGPGSTA;
HINTERWEILER_UL;Hinterweiler UL-Schlepp;N50° 14' 42.67" E006° 45' 21.00";608;Hinterweiler02.jpg;UL;http://www.dfc-vulkaneifel.de
OFFENBACH_SCHLEPP;Offenbach - Schlepp;N49° 10' 08.0" E008° 10' 34.0";;OffenbachSchlepp01.jpg;HGPGSTA;
UERZIG_ERDEN_SO_START;Ürzig-Erden Start (SO);N49° 59' 6.40" E007° 1' 48.02";243;Erden_Start01.jpg;HGPGSTA;http://www.moselfalken.de
KLUESSEARTH_START;Klüsserath Start (S-W);N49° 50' 52.0" E006° 52' 15.0";290;Kluesserath_Start01.jpg;HGPGSTA;http://www.dfc-trier.com
RIVENICH_START;Rivenich Start (W);N49° 52' 12.58" E006° 51' 28.12";280;;HGPGSTA;http://www.moselfalken.de
KATHARINEN_AUF_UNTEREM_MERGESFELD_SCHLEPP;St. Katharinen - Schlepp (SO/NW);N49° 52' 26.0" E007° 46' 19.0";;;HGPGSTA;
CALMONTHOCHKREUZBREMM_LAND;Bremm Landeplatz;N50° 6' 9.70" E007° 8' 12.91";88;Bremmercalmontlandeplatz01.jpg;HGPGLAN;http://www.thermik4u.de
KATHARINEN_HANG_START;St. Katharinen - Hang Start (SSW);N49° 52' 19.0" E007° 47' 14.0";;;HGPGSTA;
SOPHIENHOEHE_START;Sophienhöhe Start (NO-SO);N50° 56' 32.42" E006° 28' 7.53";;Sophienhoehe_O_Start01.jpg;HGPGSTA;NULL
UERZIG_ERDEN_SW_START;Ürzig-Erden Start (SW);N49° 59' 4.20" E007° 0' 55.96";290;;HGPGSTA;http://www.moselfalken.de
BURGEN_START;Burgen Start (N-NW);N49° 52' 36.65" E007° 01' 7.77";386;Burgen_Start01.jpg;HGPGSTA;http://www.moselfalken.de
HIMMIGHOFEN_HAINAU_SCHLEPP;Himmighofen-Hainau - Schlepp;N50° 13' 00.0" E007° 47' 00.0";;;HGPGSTA;NULL
WALLERTHEIM_START;Wallertheim Start;N49° 49' 23.22" E008° 02' 37.26";;;HGPGSTA;NULL
KATHARINEN_MERGESFELD_SUED_SCHLEPP;St. Katharinen - Schlepp (N/S);N49° 51' 57.0" E007° 47' 14.0";;;HGPGSTA;
RAUMBACH_HANG_START;Raumbach (SO-S);N49° 43' 38.0"  E007° 39' 30.0";;;HGPGSTA;NULL
LOSHEIM_SCHEID_SCHLEPP;Losheim am See/Scheid - Schlepp (N,O,S,W);N49° 28' 7.90" E006° 44' 35.74";;Losheim_Scheid01.jpg;HGPGSTA;NULL
MEERFELDER_MAAR_START_SUED;Meerfelder Maar Start (S);N50° 06' 22.07" E006° 45' 21.57";520;Meerfeld01.jpg;HGPGSTA;http://www.moselfalken.de
ORENSBERG_START;Orensberg Start (SSW-W);N49° 14' 25.31" E008° 1' 34.40";531;Orensberg_Start01.jpg;HGPGSTA;http://www.duddefliecher.de
ADELBERG_START;Adelberg Start (ONO-SSO);N49° 13' 0.47" E007° 57' 36.94";540;Adelberg_Start01.jpg;HGPGSTA;http://www.duddefliecher.de
FOERLENBERG_START;Förlenberg Start (NNO-ONO);N49° 11' 31.81" E008° 00' 11.05";477;Foerlenberg_Start01.jpg;HGPGSTA;http://www.duddefliecher.de
HOELLENBERG_START;Höllenberg Start (SSW-NW);N49° 11' 25.1" E007° 53' 12.3";;Hoellenberg_Start01.jpg;HGPGSTA;http://www.duddefliecher.de
MARING_NOVIAND_START;Maring-Noviand Start (SW-S);N49° 56' 45.0" E007° 00' 13.0";275;maring_start_sw.jpg;HGPGSTA;http://www.dfc-trier.com
SERRIG_LAND;Serrig Landeplatz;N49° 34' 0.55" E006° 36' 18.98";168;SerrigLand.jpg;HGPGLAN;http://www.dfc-trier.com
HOHENBERG_START;Hohenberg Start (S und W);N49° 12' 01.0" E008° 00' 11.0";530;Hohenberg_Start_West01.jpg;HGPGSTA;http://www.pdgfc.de/
BOPPARD_START;Boppard Start (NO-SO);N50° 14' 37.64" E007° 34' 22.55";276;;HGPGSTA;http://www.thermik4u.de
LOSHEIM_AM_SEE_SCHLEPP;Losheim am See/Am See - Schlepp (NW/SO);N49° 31' 22.68" E006° 44' 27.19";;Losheim_Am_See01.jpg;HGPGSTA;
LOSHEIM_HUNGERBERG_SCHLEPP;Losheim am See/Hungerberg - Schlepp (N);N49° 28' 8.66" E006° 43' 11.02";;;HGPGSTA;NULL
PETERBERG_START;Peterberg Nonnweiler-Braunshausen (N);N49° 34' 42.1" E007° 00' 35.5";584;;HGPGSTA;NULL
GRAACH_START;Graach Start (S-SW);N49° 56' 39.38" E007° 3' 31.78";332;GraachHerbst_Start01.jpg;HGPGSTA;http://www.moselfalken.de
LOSHEIM_KERZENBERG_SCHLEPP;Losheim am See/Kerzenberg - Schlepp (O bis W);N49° 29' 43.11" E006° 44' 58.55";;Losheim_Kerzenberg01.jpg;HGPGSTA;NULL
LOSHEIM_GALGENBERG_START;Losheim am See/Galgenberg (N, S);N49° 30' 8.15" E006° 44' 10.65";;Losheim_Galgenberg01.jpg;HGPGSTA;NULL
PFEFFELBACH_TOP;Pfeffelbach Toplandung;N49° 33' 26.7" E007° 18' 16.1";534;;HGPGLAN;http://www.dfc-saar.de
ZELTINGEN_RACHTIG_LAND;Zeltingen Rachtig Landeplatz;N49° 57' 25.02" E007° 00' 2.58";100;Zeltingen_Rachtig_Landeplatz01.jpg;HGPGLAN;http://www.moselfalken.de
RIOL_START;Riol Start (NNW-N);N49° 46' 52.60" E006° 47' 59.54";415;RiolStart.jpg;HGPGSTA;http://www.dfc-trier.com
HERDORF_SASSENROTH_START;Herdorf Sassenroth Start (NW);N50° 46' 11.60" E007° 55' 45.15";380;;HGPGSTA;http://www.dgfhellertal.de
HASSLOCH_SCHLEPP;Hassloch - Windenschlepp;N49° 21' 15.0" E008° 17' 01.0";;;HGPGSTA;http://www.duddefliecher.de
ODERNHEIM_START;Odernheim (SW-NW);N49° 45' 54.0" E007° 42' 38.0";214;;HGPGSTA;
OBERGAILBACH_SCHLEPP;Obergailbach - Schlepp (O-W);N49° 06' 07.6" E007° 14' 02.1";;;HGPGSTA;NULL
HERBITZHEIM_SCHLEPP;Herbitzheim - Schlepp (NO-SW);N49° 09' 41.0" E007° 13' 32.0";275;;HGPGSTA;http://pski.errror.org
KRAUSBERG_START;Krausberg Start (N);N50° 31' 43.19" E007° 03' 9.4";;Krausberg_Start01.jpg;HGPGSTA;http://www.dgc-siebengebirge.com
KRAUSBERG_LAND;Krausberg Landeplatz;N50° 31' 59.84" E007° 02' 57.3";;Krausberg_Landung01.jpg;HGPGLAN;http://www.dgc-siebengebirge.com
HOENNINGEN_START_OST;Hönningen Start (O);N50° 28' 13.83" E006° 56' 29.99";;Hoenningen_Start_Ost01.jpg;HGPGSTA;http://www.dgc-siebengebirge.com
HOENNINGEN_START_SUED;Hönningen Start (S);N50° 28' 42.88" E006° 56' 49.38";;Hoenningen_Start_Sued01.jpg;HGPGSTA;http://www.dgc-siebengebirge.com
SCHRIESHEIM_START;Schriesheim/Ölberg Start (SW-W);N49° 27' 55.0" E008° 40' 44.0";400;Schriesheim01.jpg;HGPGSTA;http://www.bergstraessler-drachenflieger.de
MICHELSTADT_UL;Michelstadt UL-Schlepp;N49° 40' 42.67" E008° 58' 19.26";346;;UL;http://www.flugplatz-michelstadt.de
MELIBOKUS_LAND;Melibokus Landeplatz;N49° 44' 11.0" E008° 36' 33.0";100;;HGPGLAN;http://www.ersterodc.de
HOENNINGEN_LAND;Hönningen Landeplatz;N50° 28' 24.71" E006° 56' 54.32";;Hoenningen_Landung01.jpg;HGPGLAN;http://www.dgc-siebengebirge.com
HOHEN_UNKEL_SCHLEPP;Hohen Unkel Schlepp (N,O,S,W);N50° 36' 11.05" E007° 14' 2.41";;Hohenunkel_Schlepp01.jpg;HGPGSTA;http://www.dgc-siebengebirge.com
HAARDSKOPF_START;Haardskopf Start (SW-W);N50° 33' 30.15" E007° 26' 4.76";;Haardskopf_Start01.jpg;HGPGSTA;http://www.dgc-siebengebirge.com
HAARDSKOPF_LAND;Haardskopf Landeplatz;N50° 33' 32.59" E007° 25' 46.29";;Haardskopf_Land01.jpg;HGPGLAN;http://www.dgc-siebengebirge.com
FINKENBERG_START;Finkenberg Start (S, SW);N50° 34' 56.08" E007° 24' 41.43";255;Finkenberg_Start01.jpg;HGPGSTA;http://www.dgc-siebengebirge.com
FINKENBERG_LAND;Finkenberg Landeplatz;N50° 34' 39.98" E007° 24' 47.89";90;Finkenberg_Land01.jpg;HGPGLAN;http://www.dgc-siebengebirge.com
MELIBOKUS_START;Melibokus Start (W-NW);N49° 43' 28.0" E008° 38' 09.0";500;Melibokus_Start01.jpg;HGPGSTA;http://www.ersterodc.de
HASLOCH_HECKENKOPF_START;Hasloch - Heckenkopf Start (O-S);N49° 47' 12.5" E009° 28' 09.7";305;Hasloch_Heckenkopf_Start01.jpg;HGPGSTA;http://www.lilienthal-gleiter.de/suedost.html
GROSSER_KOPF_START;Großer Kopf (Römerturm) Startplatz (W-NW);N50° 22' 11.0" E007° 45' 23.0";430;GrosserKopfStart_01.jpg;HGPGSTA;http://www.freiflieger-arzbach.de
GROSSER_KOPF_LAND;Großer Kopf (Römerturm) Landeplatz;N50° 22' 14.19" E007° 44' 51.14";285;GrosserKopfLandeplatz_01.gif;HGPGLAN;http://www.freiflieger-arzbach.de
ERLAU_START;Erlau Start (O-SO);N49° 44' 34.7" E008° 49' 20.5";350;;HGPGSTA;http://www.ersterodc.de
BLAETTERSBERG_START;Blättersberg Start (OSO-SSW);N49° 15' 56.5" E008° 04' 13.5";550;;HGPGSTA;http://www.duddefliecher.de
RONNEBURG_START;Ronneburg Start (NW);N50° 14' 21.6" E009° 03' 48.5";;Ronneburg01.jpg;HGPGSTA;NULL
KOENIGSTUHL_START;Königstuhl Startplatz (W);N49° 24' 13.94" E008° 43' 37.82";540;KoenigstuhlStart01_650.jpg;HGPGSTA;http://www.kurpfaelzer-gleitschirmflieger.de
MORSBACH_START;Morsbach Start;N50° 51' 42.0" E007° 43' 23.0";;;HGPGSTA;
ROXHEIM_SCHLEPP;Roxheim - Windenschlepp;N49° 50' 19.0" E007° 42' 30.0";;;HGPGSTA;
MOSBACH_START;Mosbach (Finkenhof) Start (NO-O);N49° 20' 2.0" E009° 05' 29.0";;;HGPGSTA;
ODERNHEIM_NEUBERG_OST;Odernheim - Neuberg (O);N49° 46' 04.0" E007° 41' 31.0";;;HGPGSTA;
BUSIGBERG_START;Busigberg/Großheubach (S);N49° 44' 01.0" E009° 12' 27.0";296;;HGPGSTA;http://www.lilienthal-gleiter.de
WEILERKOPF_START;Weilerkopf Start (W);N49° 46' 14.0" E007° 43' 09.0";307;;HGPGSTA;
LONGUICH_START;Longuich Start;N49° 48' 45.47" E006° 46' 48.51";300;;HGPGSTA;http://www.dfc-trier.com
STAUDERNHEIM_START;Staudernheim Start (SSW);N49° 47' 18.0" E007° 42' 04.0";218;;HGPGSTA;
RHEINSTETTEN_UL;Rheinstetten Forchheim UL-Schlepp;N48° 58' 51.5" E008° 20' 37.4";113;;UL;NULL
MARING_NOVIAND_LAND;Maring-Noviand Landeplatz (SW-S);N49° 56' 28.71" E007° 0' 9.98";140;maring_land_sw.jpg;HGPGLAN;http://www.dfc-trier.com
ERLAU_LAND;Erlau Landeplatz;N49° 44' 31.4" E008° 50' 03.3";190;;HGPGLAN;http://www.ersterodc.de
HASLOCH_HECKENKOPF_LAND;Hasloch - Heckenkopf Landeplatz;N49° 47' 8.61" E009° 28' 30.39";130;Hasloch_Heckenkopf_Lande01.jpg;HGPGLAN;http://www.lilienthal-gleiter.de/suedost.html
DONNERSBERG_START;Donnersberg Start (NO-O);N49° 38' 07.9" E007° 55' 57.1";550;DonnersbergStart01.jpg;HGPGSTA;http://www.pdgfc.de
KLUESSEARTH_LANDUNG;Klüsserath Landeplatz Wiesenstreifen;N49° 50' 33.15" E006° 52' 12.18";115;Kluesserath_landung_Wiesenstreifen.jpg;HGPGLAN;http://www.dfc-trier.com
SCHRIESHEIM_LAND;Schriesheim/Ölberg Landeplatz;N49° 27' 36.9" E008° 40' 0.1";112;;HGPGLAN;http://www.bergstraessler-drachenflieger.de
HASLOCH_ROTTBERG_START;Hasloch - Röttberg Start (S-W);N49° 47' 27.14" E009° 30' 22.70";290;Hasloch_Roettberg.jpg;HGPGSTA;http://www.lilienthal-gleiter.de/suedwest.html
HAHN_FLUGHAFEN;Flughafen Hahn;N49° 56' 45.59" E007° 16' 9.94";480;NULL;FLP;NULL
HASLOCH_ROTTBERG_LAND;Hasloch - Röttberg Landeplatz;N49° 47' 22.29" E009° 29' 38.52";135;Hasloch_Roettberg_Landung.jpg;HGPGLAN;http://www.lilienthal-gleiter.de/suedwest.html
NORHEIM_START;Norheim Start (N);N49° 48' 21.73" E007° 49' 22.65";210;;HGPGSTA;http://www.pfaelzergleitschirmclub.info
NORHEIM_LAND;Norheim Landeplatz;N49° 48' 18.97" E007° 48' 54.91";145;;HGPGLAN;http://www.pfaelzergleitschirmclub.info/
SCHRECKHOF_START;Schreckhof Start (SW);N49° 21' 37.36" E009° 6' 26.62";250;;HGPGSTA;http://www.para-now.de
WIDDERN_START;Widdern Start;N49° 19' 28.39" E009° 23' 59.89";245;;HGPGSTA;http://www.para-now.de
WIDDERN_LAND;Widdern Landeplatz;N49° 19' 18.49" E009° 23' 56.93";180;;HGPGLAN;http://www.para-now.de
SCHRECKHOF_LAND;Schreckhof Landeplatz;N49° 21' 23.9" E009° 06' 2.6";135;;HGPGLAN;http://www.para-now.de
NORDHELLE_START;Nordhelle Startplatz;N51° 9' 7.75" E007° 45' 17.97";600;;HGPGSTA;
BOXBERG_START;Boxberg Schlepp;N49° 28' 12.66" E009° 38' 47.34";340;;HGPGSTA;http://www.gleitschirmfreunde-taubertal.de
HEINSHEIM_START;Heinsheim Startplatz (O);N49° 15' 10.31" E009° 8' 57.04";227;;HGPGSTA;http://www.para-now.de
KESTEN_START;Kesten Startplatz;N49° 54' 11.66" E006° 56' 56.54";;;HGPGSTA;
NECKARGERACH_START;Neckargerach Startplatz (SW);N49° 23' 32.02" E009° 4' 59.42";;;HGPGSTA;http://www.para-now.de
ADELBERG_LAND;Adelberg Landeplatz;N49° 12' 51.43" E007° 58' 13.50";260;;HGPGLAN;http://www.duddefliecher.de
LAUBENHEIM_START;Laubenheim Startplatz (O);N49° 55' 40.16" E007° 53' 33.62";;;HGPGSTA;http://www.pfaelzergleitschirmclub.info
LAUBENHEIM_LAND;Laubenheim Landeplatz;N49° 55' 52.0" E007° 53' 34.0";;;HGPGLAN;http://www.pfaelzergleitschirmclub.info
ENTENBERG_START;Entenberg Startplatz (N-O);N50° 55' 6.74" E008° 26' 1.64";520;;HGPGSTA;http://www.entenberg.eu
NEUMAGEN_SEGELFLUG;Neumagen Segelflugplatz;N49° 50' 34.02" E006° 55' 3.85";267;;SFP;http://www.edrd.de
BUERGSTADT_START;Bürgstadt Startplatz (W);N49° 43' 16.50" E009° 17' 17.56";385;;HGPGSTA;http://lilienthal-gleiter.de
NORDHELLE_LAND;Nordhelle Landeplatz;N51° 9' 15.49" E007° 45' 15.77";500;;HGPGLAN;
STOLZENBERG_START;Stolzenberg (Steckweiler) Startplatz (SW);N49° 40' 47.0" E007° 48' 32.0";323;;HGPGSTA;http://www.pfaelzergleitschirmclub.info
STOLZENBERG_LAND;Stolzenberg (Steckweiler) Landeplatz;N49° 40' 41.0" E007° 48' 15.0";172;;HGPGLAN;http://www.pfaelzergleitschirmclub.info
GRAACH_LAND;Graach Landeplatz;N49° 56' 21.89" E007° 3' 17.01";107;;HGPGLAN;http://www.moselfalken.de
BOPPARD_LAND;Boppard Landeplatz;N50° 14' 30.16" E007° 34' 54.30";166;;HGPGLAN;http://www.thermik4u.de
LASSERGKUEPPCHEN_LAND;Lasserg/Küppchen Landeplatz;N50° 12' 46.94" E007° 23' 15.83";75;;HGPGLAN;http://www.thermik4u.de
ENTENBERG_LAND;Entenberg Landeplatz;N50° 55' 20.64" E008° 26' 35.82";300;;HGPGLAN;http://www.entenberg.eu
BLAETTERSBERG_LAND;Blättersberg Landeplatz;N49° 15' 26.69" E008° 04' 27.20";245;;HGPGLAN;http://www.duddefliecher.de
BUSIGBERG_LAND;Busigberg/Großheubach Landeplatz;N49° 44' 06.47" E009° 11' 35.74";126;;HGPGLAN;http://www.lilienthal-gleiter.de
DREISERWEIHER_LAND;Dreiser Weiher Landeplatz;N50° 15' 33.90" E006° 46' 51.10";495;;HGPGLAN;http://www.ostwindfreunde.de
HEINSHEIM_LAND;Heinsheim Landeplatz;N49° 15' 10.36" E009° 09' 06.11";164;;HGPGLAN;http://www.para-now.de
HERDORF_SASSENROTH_LAND;Herdorf Sassenroth Landeplatz;N50° 46' 20.17" E007° 55' 25.40";220;;HGPGLAN;http://www.dgfhellertal.de
STACHELHARDT_START;Stachelhardt Start (S);N50° 46' 51.23" E007° 22' 36.38";200;;HGPGSTA;http://www.deltaclub.de
STACHELHARDT_LAND;Stachelhardt Landeplatz;N50° 46' 34.25" E007° 22' 23.13";68;;HGPGLAN;http://www.deltaclub.de
NEUMAGEN_TOP;Neumagen Toplandung;N49° 52' 47.5" E006° 52' 17.9";400;NeumagenTop.jpg;HGPGLAN;http://www.dfc-trier.com
SCHOENBRUNN_SCHLEPP;Schönbrunn Schlepp (SO/NW);N49° 24' 13.56" E008° 55' 35.36";437;;HGPGSTA;
LONGUICH_LAND;Longuich Landeplatz;N49° 48' 43.75" E006° 46' 04.98";130;;HGPGLAN;http://www.dfc-trier.com
MEERFELDER_MAAR_START_OST;Meerfelder Maar Start (O);N50° 05' 36.28" E006° 44' 48.20";520;;HGPGSTA;http://www.moselfalken.de
MEERFELDER_MAAR_LAND;Meerfelder Maar Landeplatz;N50° 05' 43.40" E006° 45' 33.00";350;;HGPGLAN;http://www.moselfalken.de
LINNICH_UL;Linnich UL-Schlepp;N50° 57' 46.56" E006° 20' 16.68";100;;UL;
HOHENOELLEN_START;Hohenöllen Start (SW);N49° 37' 29.00" E007° 37' 17.00";290;;HGPGSTA;http://www.gleitschirmverein-nahe-glan.de
HOHENOELLEN_LAND;Hohenöllen Landeplatz;N49° 37' 21.00" E007° 37' 11.00";180;;HGPGLAN;http://www.gleitschirmverein-nahe-glan.de
RIOL_LANDUNG;Riol Landeplatz;N49° 47' 30.33" E006° 48' 3.66";124;RiolLandung.jpg;HGPGLAN;http://www.dfc-trier.com
BOPPARD_WEILER_START;Boppard-Weiler Startplatz (N-O);N50° 11' 37.89" E007° 36' 54.87";385;;HGPGSTA;http://www.thermik4u.de
BOPPARD_WEILER_LANDUNG;Boppard-Weiler Landeplatz;N50° 11' 42.42" E007° 37' 29.32";215;;HGPGLAN;http://www.thermik4u.de
ESCHBACH_START;Eschbach Startplatz (SO);N50° 21' 14.22" E008° 31' 25.15";380;;HGPGSTA;
ESCHBACH_LAND_OB;Eschbach Obere Landewiese;N50° 21' 12.22" E008° 31' 27.61";325;;HGPGLAN;
ESCHBACH_LAND_UNT;Eschbach Untere Landewiese;N50° 21' 06.43" E008° 31' 39.78";323;;HGPGLAN;
ESCHBACH_LAND_TOP;Eschbach Toplandeplatz;N50° 21' 15.75" E008° 31' 24.69";380;;HGPGLAN;
KAISKORB_SCHLEPP;Kaiskorb Schlepp (NO/SW);N51° 01' 27.42" E006° 28' 14.79";115;;HGPGSTA;http://www.ostwindfreunde.de
KERKEN_UL;Kerken UL-Flugplatz;N51° 26' 20.0" E006° 26' 44.0";34;;HGPGSTA;http://www.ul-kerken.de
SEVELEN_SCHLEPP;Sevelen Schlepp (O/W);N51° 29' 8.69" E006° 25' 41.68";32;;HGPGSTA;http://www.freiflieger-niederrhein.de
FLUGPLATZ_ALSFELD;Flugplatz Alsfeld Schlepp (ONO, WSW);N50° 44' 56.58" E009° 14' 33.58";289;;UL;
ANSPACH_SCHLEPP;Neu-Anspach Schlepp (SO, NW);N50° 17' 11.94" E008° 31' 49.40";326;;HGPGSTA;http://www.gf-wehrheim.de
BRILON_POPPENPERG_START;Brilon - Poppenberg Startplatz (N);N51° 22' 40.19" E008° 34' 5.66";600;;HGPGSTA;http://www.airwalker-ev.de
BRILON_POPPENPERG_LAND;Brilon - Poppenberg Landeplatz;N51° 23' 0.94" E008° 34' 1.40";508;;HGPGLAN;http://www.airwalker-ev.de
NIEDERKLEEN_SCHLEPP;Niederkleen Schlepp;N50° 28' 59.84" E008° 35' 50.96";205;;HGPGSTA;http://www.himmelsstuermerlahn.de
WIXBERG_START_W;Wixberg Startplatz (W);N51° 19' 36.3" E007° 39' 48.21";423;;HGPGSTA;
WIXBERG_START_S;Wixberg Startplatz (S);N51° 19' 7.0" E007° 39' 58.14";412;;HGPGSTA;
WIXBERG_LAND;Wixberg Landeplatz;N51° 19' 30.70" E007° 38' 57.54";135;;HGPGLAN;
KRONENBERG_START;Kronenberg Startplatz (W-WNW);N49° 51' 20.27" E007° 49' 51.19";207;;HGPGSTA;http://www.dgcn.de
KRONENBERG_LAND;Kronenberg Landeplatz;N49° 51' 25.11" E007° 49' 39.03";137;;HGPGLAN;http://www.dgcn.de
AILERTCHEN_UL;Ailertchen UL-Schlepp;N50° 35' 35.40" E007° 56' 42.00";470;;UL;http://www.flyranch-ww.de/
STUEPPEL_START;Stüppel Startplatz (W-NNW);N51° 18' 51.52" E008° 25' 46.15";730;;HGPGSTA;http://www.sauerlandair.de
STUEPPEL_LAND;Stüppel Landeplatz;N51° 19' 21.07" E008° 25' 16.45";440;;HGPGLAN;http://www.sauerlandair.de
OBERACKER_WINDE;Oberacker Winde (NO/SW);N49° 6' 3.0" E008° 42' 58.77";210;;HGPGSTA;http://www.gleitschirmclub-kraichtal.de
WERDOHL_START;Werdohl - Riesenberg Startplatz (N);N51° 14' 49.2" E007° 44' 52.8";250;;HGPGSTA;http://www.airwalker-ev.de
WERDOHL_LAND;Werdohl - Riesenberg Landeplatz;N51° 15' 01.8" E007° 44' 57.8";90;;HGPGLAN;http://www.airwalker-ev.de
